<application>
  <component name="MavenWrapperMapping">
    <option name="mapping">
      <map>
        <entry key="https://archive.apache.org/dist/maven/maven-3/3.9.3/binaries/apache-maven-3.9.3-bin.zip" value="$USER_HOME$/.m2/wrapper/dists/apache-maven-3.9.3-bin/6actqn1ngkbj8g7k704ro02jj7/apache-maven-3.9.3" />
        <entry key="https://repo1.maven.org/maven2/org/apache/maven/apache-maven/3.3.9/apache-maven-3.3.9-bin.zip" value="$USER_HOME$/.m2/wrapper/dists/apache-maven-3.3.9-bin/2609u9g41na2l7ogackmif6fj2/apache-maven-3.3.9" />
      </map>
    </option>
  </component>
</application>