<application>
  <component name="aminer-codegeex">
    <option name="askCodegeexLanguageSettingEnum" value="zh-CN" />
    <option name="generateCommentLanguageSettingEnum" value="zh-CN" />
    <option name="telemetryEnabled" value="true" />
    <option name="telemetryConfigured" value="true" />
    <option name="sessionId" value="cf0a669a-b8bd-4ee1-bd76-d00f57769e1b" />
    <option name="macAddress" value="86-14-D7-68-32-7F" />
    <option name="userId" value="62b4b7333ba34612b98b6910094c82ed" />
    <option name="userName" value="你在说什么" />
    <option name="source" value="wechat_open" />
    <option name="sourceId" value="oTz1V6IExQrG35NdhfncKPt-ls1w" />
    <option name="configCacheSeconds" value="43200" />
    <option name="minCompletionDelay" value="500" />
    <option name="serverConfig">
      <JsonObject />
    </option>
    <option name="autoUpdateVersion" value="2.7.3" />
    <option name="autoUpdateProperty" value="{ &quot;auto&quot;: true, &quot;is_force&quot;: false }" />
    <option name="lastPluginVersion" value="2.7.3.11223" />
  </component>
</application>