<application>
  <component name="com.intellij.ide.ui.customization.CustomActionsSchema">
    <group value="CodeWithMeToolbarGroupNewUi" is_group="true" forse_popup="false" action_type="-1" position="2">
      <path value="root" />
      <path value="Main Toolbar" />
      <path value="Right" />
      <option name="myInitialPosition" value="-1" />
    </group>
    <group value="CheckinProject" is_action="true" action_type="1" position="1">
      <path value="root" />
      <path value="Main Toolbar" />
      <path value="Left" />
      <path value="VCS Group" />
      <option name="myInitialPosition" value="-1" />
    </group>
    <action id="TranslationTitleBar" icon="jar:file:/opt/idea-IU/lib/app-client.jar!/expui/toolbar/unknown.svg" />
    <action id="NewUiRunWidget" icon="jar:file:/opt/idea-IU/lib/app-client.jar!/expui/toolbar/unknown.svg" />
  </component>
</application>