<application>
  <component name="GitHubActionCache">
    <option name="actions">
      <map>
        <entry key="JetBrains/qodana-action@v202">
          <value>
            <GitHubAction>
              <option name="action" value="true" />
              <option name="metaData">
                <map>
                  <entry key="downloadUrl" value="https://raw.githubusercontent.com/JetBrains/qodana-action/v202/action.yml" />
                  <entry key="expiryTime" value="1714745241212" />
                  <entry key="githubUrl" value="https://github.com/JetBrains/qodana-action/tree/v202#readme" />
                  <entry key="ignoredInputs" value="" />
                  <entry key="ignoredOutputs" value="" />
                  <entry key="isAction" value="true" />
                  <entry key="isLocal" value="false" />
                  <entry key="isSuppressed" value="false" />
                  <entry key="name" value="JetBrains/qodana-action" />
                  <entry key="usesValue" value="JetBrains/qodana-action@v202" />
                </map>
              </option>
            </GitHubAction>
          </value>
        </entry>
        <entry key="JetBrains/qodana-action@v2023">
          <value>
            <GitHubAction>
              <option name="action" value="true" />
              <option name="metaData">
                <map>
                  <entry key="downloadUrl" value="https://raw.githubusercontent.com/JetBrains/qodana-action/v2023/action.yml" />
                  <entry key="expiryTime" value="1714745241212" />
                  <entry key="githubUrl" value="https://github.com/JetBrains/qodana-action/tree/v2023#readme" />
                  <entry key="ignoredInputs" value="" />
                  <entry key="ignoredOutputs" value="" />
                  <entry key="isAction" value="true" />
                  <entry key="isLocal" value="false" />
                  <entry key="isSuppressed" value="false" />
                  <entry key="name" value="JetBrains/qodana-action" />
                  <entry key="usesValue" value="JetBrains/qodana-action@v2023" />
                </map>
              </option>
            </GitHubAction>
          </value>
        </entry>
        <entry key="JetBrains/qodana-action@v2023.">
          <value>
            <GitHubAction>
              <option name="action" value="true" />
              <option name="metaData">
                <map>
                  <entry key="downloadUrl" value="https://raw.githubusercontent.com/JetBrains/qodana-action/v2023./action.yml" />
                  <entry key="expiryTime" value="1714745241212" />
                  <entry key="githubUrl" value="https://github.com/JetBrains/qodana-action/tree/v2023.#readme" />
                  <entry key="ignoredInputs" value="" />
                  <entry key="ignoredOutputs" value="" />
                  <entry key="isAction" value="true" />
                  <entry key="isLocal" value="false" />
                  <entry key="isSuppressed" value="false" />
                  <entry key="name" value="JetBrains/qodana-action" />
                  <entry key="usesValue" value="JetBrains/qodana-action@v2023." />
                </map>
              </option>
            </GitHubAction>
          </value>
        </entry>
        <entry key="JetBrains/qodana-action@v2023.2.8">
          <value>
            <GitHubAction>
              <option name="action" value="true" />
              <option name="metaData">
                <map>
                  <entry key="downloadUrl" value="https://raw.githubusercontent.com/JetBrains/qodana-action/v2023.2.8/action.yml" />
                  <entry key="expiryTime" value="1715857279685" />
                  <entry key="githubUrl" value="https://github.com/JetBrains/qodana-action/tree/v2023.2.8#readme" />
                  <entry key="ignoredInputs" value="" />
                  <entry key="ignoredOutputs" value="" />
                  <entry key="isAction" value="true" />
                  <entry key="isLocal" value="false" />
                  <entry key="isSuppressed" value="false" />
                  <entry key="name" value="JetBrains/qodana-action" />
                  <entry key="usesValue" value="JetBrains/qodana-action@v2023.2.8" />
                </map>
              </option>
            </GitHubAction>
          </value>
        </entry>
        <entry key="JetBrains/qodana-action@v2023.3.">
          <value>
            <GitHubAction>
              <option name="action" value="true" />
              <option name="metaData">
                <map>
                  <entry key="downloadUrl" value="https://raw.githubusercontent.com/JetBrains/qodana-action/v2023.3./action.yml" />
                  <entry key="expiryTime" value="1714745241212" />
                  <entry key="githubUrl" value="https://github.com/JetBrains/qodana-action/tree/v2023.3.#readme" />
                  <entry key="ignoredInputs" value="" />
                  <entry key="ignoredOutputs" value="" />
                  <entry key="isAction" value="true" />
                  <entry key="isLocal" value="false" />
                  <entry key="isSuppressed" value="false" />
                  <entry key="name" value="JetBrains/qodana-action" />
                  <entry key="usesValue" value="JetBrains/qodana-action@v2023.3." />
                </map>
              </option>
            </GitHubAction>
          </value>
        </entry>
        <entry key="JetBrains/qodana-action@v2023.3.0">
          <value>
            <GitHubAction>
              <option name="action" value="true" />
              <option name="metaData">
                <map>
                  <entry key="downloadUrl" value="https://raw.githubusercontent.com/JetBrains/qodana-action/v2023.3.0/action.yml" />
                  <entry key="expiryTime" value="1715857279684" />
                  <entry key="githubUrl" value="https://github.com/JetBrains/qodana-action/tree/v2023.3.0#readme" />
                  <entry key="ignoredInputs" value="" />
                  <entry key="ignoredOutputs" value="" />
                  <entry key="isAction" value="true" />
                  <entry key="isLocal" value="false" />
                  <entry key="isSuppressed" value="false" />
                  <entry key="name" value="JetBrains/qodana-action" />
                  <entry key="usesValue" value="JetBrains/qodana-action@v2023.3.0" />
                </map>
              </option>
            </GitHubAction>
          </value>
        </entry>
        <entry key="JetBrains/qodana-action@v2023.3.2">
          <value>
            <GitHubAction>
              <option name="action" value="true" />
              <option name="metaData">
                <map>
                  <entry key="downloadUrl" value="https://raw.githubusercontent.com/JetBrains/qodana-action/v2023.3.2/action.yml" />
                  <entry key="expiryTime" value="1714745241212" />
                  <entry key="githubUrl" value="https://github.com/JetBrains/qodana-action/tree/v2023.3.2#readme" />
                  <entry key="ignoredInputs" value="" />
                  <entry key="ignoredOutputs" value="" />
                  <entry key="isAction" value="true" />
                  <entry key="isLocal" value="false" />
                  <entry key="isSuppressed" value="false" />
                  <entry key="name" value="JetBrains/qodana-action" />
                  <entry key="usesValue" value="JetBrains/qodana-action@v2023.3.2" />
                </map>
              </option>
            </GitHubAction>
          </value>
        </entry>
        <entry key="JetBrains/qodana-action@v2024">
          <value>
            <GitHubAction>
              <option name="action" value="true" />
              <option name="metaData">
                <map>
                  <entry key="downloadUrl" value="https://raw.githubusercontent.com/JetBrains/qodana-action/v2024/action.yml" />
                  <entry key="expiryTime" value="1714745241212" />
                  <entry key="githubUrl" value="https://github.com/JetBrains/qodana-action/tree/v2024#readme" />
                  <entry key="ignoredInputs" value="" />
                  <entry key="ignoredOutputs" value="" />
                  <entry key="isAction" value="true" />
                  <entry key="isLocal" value="false" />
                  <entry key="isSuppressed" value="false" />
                  <entry key="name" value="JetBrains/qodana-action" />
                  <entry key="usesValue" value="JetBrains/qodana-action@v2024" />
                </map>
              </option>
            </GitHubAction>
          </value>
        </entry>
        <entry key="actions/cache@v3">
          <value>
            <GitHubAction>
              <option name="action" value="true" />
              <option name="metaData">
                <map>
                  <entry key="downloadUrl" value="https://raw.githubusercontent.com/actions/cache/v3/action.yml" />
                  <entry key="expiryTime" value="1715857279684" />
                  <entry key="githubUrl" value="https://github.com/actions/cache/tree/v3#readme" />
                  <entry key="ignoredInputs" value="" />
                  <entry key="ignoredOutputs" value="" />
                  <entry key="isAction" value="true" />
                  <entry key="isLocal" value="false" />
                  <entry key="isSuppressed" value="false" />
                  <entry key="name" value="actions/cache" />
                  <entry key="usesValue" value="actions/cache@v3" />
                </map>
              </option>
            </GitHubAction>
          </value>
        </entry>
        <entry key="actions/cache@v4">
          <value>
            <GitHubAction>
              <option name="action" value="true" />
              <option name="metaData">
                <map>
                  <entry key="downloadUrl" value="https://raw.githubusercontent.com/actions/cache/v4/action.yml" />
                  <entry key="expiryTime" value="1714745241212" />
                  <entry key="githubUrl" value="https://github.com/actions/cache/tree/v4#readme" />
                  <entry key="ignoredInputs" value="" />
                  <entry key="ignoredOutputs" value="" />
                  <entry key="isAction" value="true" />
                  <entry key="isLocal" value="false" />
                  <entry key="isSuppressed" value="false" />
                  <entry key="name" value="actions/cache" />
                  <entry key="usesValue" value="actions/cache@v4" />
                </map>
              </option>
            </GitHubAction>
          </value>
        </entry>
        <entry key="actions/checkout@v4">
          <value>
            <GitHubAction>
              <option name="action" value="true" />
              <option name="metaData">
                <map>
                  <entry key="downloadUrl" value="https://raw.githubusercontent.com/actions/checkout/v4/action.yml" />
                  <entry key="expiryTime" value="1715857279684" />
                  <entry key="githubUrl" value="https://github.com/actions/checkout/tree/v4#readme" />
                  <entry key="ignoredInputs" value="" />
                  <entry key="ignoredOutputs" value="" />
                  <entry key="isAction" value="true" />
                  <entry key="isLocal" value="false" />
                  <entry key="isSuppressed" value="false" />
                  <entry key="name" value="actions/checkout" />
                  <entry key="usesValue" value="actions/checkout@v4" />
                </map>
              </option>
            </GitHubAction>
          </value>
        </entry>
        <entry key="actions/setup-java@v4">
          <value>
            <GitHubAction>
              <option name="action" value="true" />
              <option name="metaData">
                <map>
                  <entry key="downloadUrl" value="https://raw.githubusercontent.com/actions/setup-java/v4/action.yml" />
                  <entry key="expiryTime" value="1715857279684" />
                  <entry key="githubUrl" value="https://github.com/actions/setup-java/tree/v4#readme" />
                  <entry key="ignoredInputs" value="" />
                  <entry key="ignoredOutputs" value="" />
                  <entry key="isAction" value="true" />
                  <entry key="isLocal" value="false" />
                  <entry key="isSuppressed" value="false" />
                  <entry key="name" value="actions/setup-java" />
                  <entry key="usesValue" value="actions/setup-java@v4" />
                </map>
              </option>
            </GitHubAction>
          </value>
        </entry>
        <entry key="actions/upload-artifact@v">
          <value>
            <GitHubAction>
              <option name="action" value="true" />
              <option name="metaData">
                <map>
                  <entry key="downloadUrl" value="https://raw.githubusercontent.com/actions/upload-artifact/v/action.yml" />
                  <entry key="expiryTime" value="1714745241212" />
                  <entry key="githubUrl" value="https://github.com/actions/upload-artifact/tree/v#readme" />
                  <entry key="ignoredInputs" value="" />
                  <entry key="ignoredOutputs" value="" />
                  <entry key="isAction" value="true" />
                  <entry key="isLocal" value="false" />
                  <entry key="isSuppressed" value="false" />
                  <entry key="name" value="actions/upload-artifact" />
                  <entry key="usesValue" value="actions/upload-artifact@v" />
                </map>
              </option>
            </GitHubAction>
          </value>
        </entry>
        <entry key="actions/upload-artifact@v3">
          <value>
            <GitHubAction>
              <option name="action" value="true" />
              <option name="metaData">
                <map>
                  <entry key="downloadUrl" value="https://raw.githubusercontent.com/actions/upload-artifact/v3/action.yml" />
                  <entry key="expiryTime" value="1715857279684" />
                  <entry key="githubUrl" value="https://github.com/actions/upload-artifact/tree/v3#readme" />
                  <entry key="ignoredInputs" value="" />
                  <entry key="ignoredOutputs" value="" />
                  <entry key="isAction" value="true" />
                  <entry key="isLocal" value="false" />
                  <entry key="isSuppressed" value="false" />
                  <entry key="name" value="actions/upload-artifact" />
                  <entry key="usesValue" value="actions/upload-artifact@v3" />
                </map>
              </option>
            </GitHubAction>
          </value>
        </entry>
        <entry key="actions/upload-artifact@v4">
          <value>
            <GitHubAction>
              <option name="action" value="true" />
              <option name="metaData">
                <map>
                  <entry key="downloadUrl" value="https://raw.githubusercontent.com/actions/upload-artifact/v4/action.yml" />
                  <entry key="expiryTime" value="1715857279684" />
                  <entry key="githubUrl" value="https://github.com/actions/upload-artifact/tree/v4#readme" />
                  <entry key="ignoredInputs" value="" />
                  <entry key="ignoredOutputs" value="" />
                  <entry key="isAction" value="true" />
                  <entry key="isLocal" value="false" />
                  <entry key="isSuppressed" value="false" />
                  <entry key="name" value="actions/upload-artifact" />
                  <entry key="usesValue" value="actions/upload-artifact@v4" />
                </map>
              </option>
            </GitHubAction>
          </value>
        </entry>
        <entry key="codecov/codecov-action@v3">
          <value>
            <GitHubAction>
              <option name="action" value="true" />
              <option name="metaData">
                <map>
                  <entry key="downloadUrl" value="https://raw.githubusercontent.com/codecov/codecov-action/v3/action.yml" />
                  <entry key="expiryTime" value="1715857279684" />
                  <entry key="githubUrl" value="https://github.com/codecov/codecov-action/tree/v3#readme" />
                  <entry key="ignoredInputs" value="" />
                  <entry key="ignoredOutputs" value="" />
                  <entry key="isAction" value="true" />
                  <entry key="isLocal" value="false" />
                  <entry key="isSuppressed" value="false" />
                  <entry key="name" value="codecov/codecov-action" />
                  <entry key="usesValue" value="codecov/codecov-action@v3" />
                </map>
              </option>
            </GitHubAction>
          </value>
        </entry>
        <entry key="codecov/codecov-action@v4">
          <value>
            <GitHubAction>
              <option name="action" value="true" />
              <option name="metaData">
                <map>
                  <entry key="downloadUrl" value="https://raw.githubusercontent.com/codecov/codecov-action/v4/action.yml" />
                  <entry key="expiryTime" value="1714745241212" />
                  <entry key="githubUrl" value="https://github.com/codecov/codecov-action/tree/v4#readme" />
                  <entry key="ignoredInputs" value="" />
                  <entry key="ignoredOutputs" value="" />
                  <entry key="isAction" value="true" />
                  <entry key="isLocal" value="false" />
                  <entry key="isSuppressed" value="false" />
                  <entry key="name" value="codecov/codecov-action" />
                  <entry key="usesValue" value="codecov/codecov-action@v4" />
                </map>
              </option>
            </GitHubAction>
          </value>
        </entry>
        <entry key="gradle/gradle-build-action@v2">
          <value>
            <GitHubAction>
              <option name="action" value="true" />
              <option name="metaData">
                <map>
                  <entry key="downloadUrl" value="https://raw.githubusercontent.com/gradle/gradle-build-action/v2/action.yml" />
                  <entry key="expiryTime" value="1715857279682" />
                  <entry key="githubUrl" value="https://github.com/gradle/gradle-build-action/tree/v2#readme" />
                  <entry key="ignoredInputs" value="" />
                  <entry key="ignoredOutputs" value="" />
                  <entry key="isAction" value="true" />
                  <entry key="isLocal" value="false" />
                  <entry key="isSuppressed" value="false" />
                  <entry key="name" value="gradle/gradle-build-action" />
                  <entry key="usesValue" value="gradle/gradle-build-action@v2" />
                </map>
              </option>
            </GitHubAction>
          </value>
        </entry>
        <entry key="gradle/gradle-build-action@v3">
          <value>
            <GitHubAction>
              <option name="action" value="true" />
              <option name="metaData">
                <map>
                  <entry key="downloadUrl" value="https://raw.githubusercontent.com/gradle/gradle-build-action/v3/action.yml" />
                  <entry key="expiryTime" value="1714745241211" />
                  <entry key="githubUrl" value="https://github.com/gradle/gradle-build-action/tree/v3#readme" />
                  <entry key="ignoredInputs" value="" />
                  <entry key="ignoredOutputs" value="" />
                  <entry key="isAction" value="true" />
                  <entry key="isLocal" value="false" />
                  <entry key="isSuppressed" value="false" />
                  <entry key="name" value="gradle/gradle-build-action" />
                  <entry key="usesValue" value="gradle/gradle-build-action@v3" />
                </map>
              </option>
            </GitHubAction>
          </value>
        </entry>
        <entry key="gradle/wrapper-validation-action@v1.1.0">
          <value>
            <GitHubAction>
              <option name="action" value="true" />
              <option name="metaData">
                <map>
                  <entry key="downloadUrl" value="https://raw.githubusercontent.com/gradle/wrapper-validation-action/v1.1.0/action.yml" />
                  <entry key="expiryTime" value="1715857279684" />
                  <entry key="githubUrl" value="https://github.com/gradle/wrapper-validation-action/tree/v1.1.0#readme" />
                  <entry key="ignoredInputs" value="" />
                  <entry key="ignoredOutputs" value="" />
                  <entry key="isAction" value="true" />
                  <entry key="isLocal" value="false" />
                  <entry key="isSuppressed" value="false" />
                  <entry key="name" value="gradle/wrapper-validation-action" />
                  <entry key="usesValue" value="gradle/wrapper-validation-action@v1.1.0" />
                </map>
              </option>
            </GitHubAction>
          </value>
        </entry>
        <entry key="jlumbroso/free-disk-space@main">
          <value>
            <GitHubAction>
              <option name="action" value="true" />
              <option name="metaData">
                <map>
                  <entry key="downloadUrl" value="https://raw.githubusercontent.com/jlumbroso/free-disk-space/main/action.yml" />
                  <entry key="expiryTime" value="1715857279684" />
                  <entry key="githubUrl" value="https://github.com/jlumbroso/free-disk-space/tree/main#readme" />
                  <entry key="ignoredInputs" value="" />
                  <entry key="ignoredOutputs" value="" />
                  <entry key="isAction" value="true" />
                  <entry key="isLocal" value="false" />
                  <entry key="isSuppressed" value="false" />
                  <entry key="name" value="jlumbroso/free-disk-space" />
                  <entry key="usesValue" value="jlumbroso/free-disk-space@main" />
                </map>
              </option>
            </GitHubAction>
          </value>
        </entry>
        <entry key="jtalk/url-health-check-action@v3">
          <value>
            <GitHubAction>
              <option name="action" value="true" />
              <option name="metaData">
                <map>
                  <entry key="downloadUrl" value="https://raw.githubusercontent.com/jtalk/url-health-check-action/v3/action.yml" />
                  <entry key="expiryTime" value="1715857279684" />
                  <entry key="githubUrl" value="https://github.com/jtalk/url-health-check-action/tree/v3#readme" />
                  <entry key="ignoredInputs" value="" />
                  <entry key="ignoredOutputs" value="" />
                  <entry key="isAction" value="true" />
                  <entry key="isLocal" value="false" />
                  <entry key="isSuppressed" value="false" />
                  <entry key="name" value="jtalk/url-health-check-action" />
                  <entry key="usesValue" value="jtalk/url-health-check-action@v3" />
                </map>
              </option>
            </GitHubAction>
          </value>
        </entry>
        <entry key="jtalk/url-health-check-action@v4">
          <value>
            <GitHubAction>
              <option name="action" value="true" />
              <option name="metaData">
                <map>
                  <entry key="downloadUrl" value="https://raw.githubusercontent.com/jtalk/url-health-check-action/v4/action.yml" />
                  <entry key="expiryTime" value="1714745241212" />
                  <entry key="githubUrl" value="https://github.com/jtalk/url-health-check-action/tree/v4#readme" />
                  <entry key="ignoredInputs" value="" />
                  <entry key="ignoredOutputs" value="" />
                  <entry key="isAction" value="true" />
                  <entry key="isLocal" value="false" />
                  <entry key="isSuppressed" value="false" />
                  <entry key="name" value="jtalk/url-health-check-action" />
                  <entry key="usesValue" value="jtalk/url-health-check-action@v4" />
                </map>
              </option>
            </GitHubAction>
          </value>
        </entry>
      </map>
    </option>
  </component>
</application>