<application>
  <component name="GitHubActionCache">
    <option name="actions">
      <map>
        <entry key="JetBrains/qodana-action@v2023.2.8">
          <value>
            <GitHubAction>
              <option name="action" value="true" />
              <option name="metaData">
                <map>
                  <entry key="downloadUrl" value="https://raw.githubusercontent.com/JetBrains/qodana-action/v2023.2.8/action.yml" />
                  <entry key="expiryTime" value="1703240922698" />
                  <entry key="githubUrl" value="https://github.com/JetBrains/qodana-action/tree/v2023.2.8#readme" />
                  <entry key="isAction" value="true" />
                  <entry key="isLocal" value="false" />
                  <entry key="isSuppressed" value="false" />
                  <entry key="name" value="JetBrains/qodana-action" />
                  <entry key="usesValue" value="JetBrains/qodana-action@v2023.2.8" />
                </map>
              </option>
            </GitHubAction>
          </value>
        </entry>
        <entry key="JetBrains/qodana-action@v2023.3.0">
          <value>
            <GitHubAction>
              <option name="action" value="true" />
              <option name="metaData">
                <map>
                  <entry key="downloadUrl" value="https://raw.githubusercontent.com/JetBrains/qodana-action/v2023.3.0/action.yml" />
                  <entry key="expiryTime" value="1703765157762" />
                  <entry key="githubUrl" value="https://github.com/JetBrains/qodana-action/tree/v2023.3.0#readme" />
                  <entry key="isAction" value="true" />
                  <entry key="isLocal" value="false" />
                  <entry key="isSuppressed" value="false" />
                  <entry key="name" value="JetBrains/qodana-action" />
                  <entry key="usesValue" value="JetBrains/qodana-action@v2023.3.0" />
                </map>
              </option>
            </GitHubAction>
          </value>
        </entry>
        <entry key="actions/cache@v3">
          <value>
            <GitHubAction>
              <option name="action" value="true" />
              <option name="inputs">
                <map>
                  <entry key="enableCrossOsArchive" value="r[false] def[false] An optional boolean when enabled, allows windows runners to save or restore caches that can be restored or saved respectively on other platforms" />
                  <entry key="fail-on-cache-miss" value="r[false] def[false] Fail the workflow if cache entry is not found" />
                  <entry key="key" value="r[true]  An explicit key for restoring and saving the cache" />
                  <entry key="lookup-only" value="r[false] def[false] Check if a cache entry exists for the given input(s) (key, restore-keys) without downloading the cache" />
                  <entry key="path" value="r[true]  A list of files, directories, and wildcard patterns to cache and restore" />
                  <entry key="restore-keys" value="r[false]  An ordered list of keys to use for restoring stale cache if no cache hit occurred for key. Note `cache-hit` returns false in this case." />
                  <entry key="upload-chunk-size" value="r[false]  The chunk size used to split up large files during upload, in bytes" />
                </map>
              </option>
              <option name="metaData">
                <map>
                  <entry key="downloadUrl" value="https://raw.githubusercontent.com/actions/cache/v3/action.yml" />
                  <entry key="expiryTime" value="1703240922699" />
                  <entry key="githubUrl" value="https://github.com/actions/cache/tree/v3#readme" />
                  <entry key="isAction" value="true" />
                  <entry key="isLocal" value="false" />
                  <entry key="isResolved" value="true" />
                  <entry key="isSuppressed" value="false" />
                  <entry key="name" value="actions/cache" />
                  <entry key="usesValue" value="actions/cache@v3" />
                </map>
              </option>
              <option name="outputs">
                <map>
                  <entry key="cache-hit" value=" A boolean value to indicate an exact match was found for the primary key" />
                </map>
              </option>
            </GitHubAction>
          </value>
        </entry>
        <entry key="actions/checkout@v4">
          <value>
            <GitHubAction>
              <option name="action" value="true" />
              <option name="inputs">
                <map>
                  <entry key="clean" value="r[false] def[true] Whether to execute `git clean -ffdx &amp;&amp; git reset --hard HEAD` before fetching" />
                  <entry key="fetch-depth" value="r[false] def[1] Number of commits to fetch. 0 indicates all history for all branches and tags." />
                  <entry key="fetch-tags" value="r[false] def[false] Whether to fetch tags, even if fetch-depth &gt; 0." />
                  <entry key="filter" value="r[false] def[null]" />
                  <entry key="github-server-url" value="r[false]  The base URL for the GitHub instance that you are trying to clone from, will use environment defaults to fetch from the same instance that the workflow is running from unless specified. Example URLs are https://github.com or https://my-ghes-server.example.com" />
                  <entry key="lfs" value="r[false] def[false] Whether to download Git-LFS files" />
                  <entry key="path" value="r[false]  Relative path under $GITHUB_WORKSPACE to place the repository" />
                  <entry key="persist-credentials" value="r[false] def[true] Whether to configure the token or SSH key with the local git config" />
                  <entry key="ref" value="r[false] " />
                  <entry key="repository" value="r[false] def[${{ github.repository }}] Repository name with owner. For example, actions/checkout" />
                  <entry key="set-safe-directory" value="r[false] def[true] Add repository path as safe.directory for Git global config by running `git config --global --add safe.directory &lt;path&gt;`" />
                  <entry key="show-progress" value="r[false] def[true] Whether to show progress status output when fetching." />
                  <entry key="sparse-checkout" value="r[false] def[null]" />
                  <entry key="sparse-checkout-cone-mode" value="r[false] def[true]" />
                  <entry key="ssh-key" value="r[false] " />
                  <entry key="ssh-known-hosts" value="r[false] " />
                  <entry key="ssh-strict" value="r[false] def[true]" />
                  <entry key="submodules" value="r[false] def[false]" />
                  <entry key="token" value="r[false] def[${{ github.token }}]" />
                </map>
              </option>
              <option name="metaData">
                <map>
                  <entry key="downloadUrl" value="https://raw.githubusercontent.com/actions/checkout/v4/action.yml" />
                  <entry key="expiryTime" value="1703240922693" />
                  <entry key="githubUrl" value="https://github.com/actions/checkout/tree/v4#readme" />
                  <entry key="isAction" value="true" />
                  <entry key="isLocal" value="false" />
                  <entry key="isResolved" value="true" />
                  <entry key="isSuppressed" value="false" />
                  <entry key="name" value="actions/checkout" />
                  <entry key="usesValue" value="actions/checkout@v4" />
                </map>
              </option>
            </GitHubAction>
          </value>
        </entry>
        <entry key="actions/setup-java@v4">
          <value>
            <GitHubAction>
              <option name="action" value="true" />
              <option name="inputs">
                <map>
                  <entry key="architecture" value="r[false]  The architecture of the package (defaults to the action runner's architecture)" />
                  <entry key="cache" value="r[false]  Name of the build platform to cache dependencies. It can be &quot;maven&quot;, &quot;gradle&quot; or &quot;sbt&quot;." />
                  <entry key="cache-dependency-path" value="r[false]  The path to a dependency file: pom.xml, build.gradle, build.sbt, etc. This option can be used with the `cache` option. If this option is omitted, the action searches for the dependency file in the entire repository. This option supports wildcards and a list of file names for caching multiple dependencies." />
                  <entry key="check-latest" value="r[false] def[false] Set this option if you want the action to check for the latest available version that satisfies the version spec" />
                  <entry key="distribution" value="r[true]  Java distribution. See the list of supported distributions in README file" />
                  <entry key="gpg-passphrase" value="r[false]  Environment variable name for the GPG private key passphrase. Default is&#10;       $GPG_PASSPHRASE." />
                  <entry key="gpg-private-key" value="r[false]  GPG private key to import. Default is empty string." />
                  <entry key="java-package" value="r[false] def[jdk] The package type (jdk, jre, jdk+fx, jre+fx)" />
                  <entry key="java-version" value="r[false]  The Java version to set up. Takes a whole or semver Java version. See examples of supported syntax in README file" />
                  <entry key="java-version-file" value="r[false]  The path to the `.java-version` file. See examples of supported syntax in README file" />
                  <entry key="jdkFile" value="r[false]  Path to where the compressed JDK is located" />
                  <entry key="job-status" value="r[false] def[${{ job.status }}] Workaround to pass job status to post job step. This variable is not intended for manual setting" />
                  <entry key="mvn-toolchain-id" value="r[false]  Name of Maven Toolchain ID if the default name of &quot;${distribution}_${java-version}&quot; is not wanted. See examples of supported syntax in Advanced Usage file" />
                  <entry key="mvn-toolchain-vendor" value="r[false]  Name of Maven Toolchain Vendor if the default name of &quot;${distribution}&quot; is not wanted. See examples of supported syntax in Advanced Usage file" />
                  <entry key="overwrite-settings" value="r[false] def[true] Overwrite the settings.xml file if it exists. Default is &quot;true&quot;." />
                  <entry key="server-id" value="r[false] def[github] ID of the distributionManagement repository in the pom.xml&#10;       file. Default is `github`" />
                  <entry key="server-password" value="r[false] def[GITHUB_TOKEN] Environment variable name for password or token for&#10;       authentication to the Apache Maven repository. Default is $GITHUB_TOKEN" />
                  <entry key="server-username" value="r[false] def[GITHUB_ACTOR] Environment variable name for the username for authentication&#10;       to the Apache Maven repository. Default is $GITHUB_ACTOR" />
                  <entry key="settings-path" value="r[false]  Path to where the settings.xml file will be written. Default is ~/.m2." />
                  <entry key="token" value="r[false] def[${{ github.server_url == 'https://github.com' &amp;&amp; github.token || '' }}] The token used to authenticate when fetching version manifests hosted on github.com, such as for the Microsoft Build of OpenJDK. When running this action on github.com, the default value is sufficient. When running on GHES, you can pass a personal access token for github.com if you are experiencing rate limiting." />
                </map>
              </option>
              <option name="metaData">
                <map>
                  <entry key="downloadUrl" value="https://raw.githubusercontent.com/actions/setup-java/v4/action.yml" />
                  <entry key="expiryTime" value="1703240922697" />
                  <entry key="githubUrl" value="https://github.com/actions/setup-java/tree/v4#readme" />
                  <entry key="isAction" value="true" />
                  <entry key="isLocal" value="false" />
                  <entry key="isResolved" value="true" />
                  <entry key="isSuppressed" value="false" />
                  <entry key="name" value="actions/setup-java" />
                  <entry key="usesValue" value="actions/setup-java@v4" />
                </map>
              </option>
              <option name="outputs">
                <map>
                  <entry key="cache-hit" value=" A boolean value to indicate an exact match was found for the primary key" />
                  <entry key="distribution" value=" Distribution of Java that has been installed" />
                  <entry key="path" value=" Path to where the java environment has been installed (same as $JAVA_HOME)" />
                  <entry key="version" value=" Actual version of the java environment that has been installed" />
                </map>
              </option>
            </GitHubAction>
          </value>
        </entry>
        <entry key="actions/upload-artifact@v3">
          <value>
            <GitHubAction>
              <option name="action" value="true" />
              <option name="inputs">
                <map>
                  <entry key="if-no-files-found" value="r[false] def[warn]" />
                  <entry key="name" value="r[false] def[artifact] Artifact name" />
                  <entry key="path" value="r[true]  A file, directory or wildcard pattern that describes what to upload" />
                  <entry key="retention-days" value="r[false] " />
                </map>
              </option>
              <option name="metaData">
                <map>
                  <entry key="downloadUrl" value="https://raw.githubusercontent.com/actions/upload-artifact/v3/action.yml" />
                  <entry key="expiryTime" value="1703240922697" />
                  <entry key="githubUrl" value="https://github.com/actions/upload-artifact/tree/v3#readme" />
                  <entry key="isAction" value="true" />
                  <entry key="isLocal" value="false" />
                  <entry key="isResolved" value="true" />
                  <entry key="isSuppressed" value="false" />
                  <entry key="name" value="actions/upload-artifact" />
                  <entry key="usesValue" value="actions/upload-artifact@v3" />
                </map>
              </option>
            </GitHubAction>
          </value>
        </entry>
        <entry key="codecov/codecov-action@v3">
          <value>
            <GitHubAction>
              <option name="action" value="true" />
              <option name="inputs">
                <map>
                  <entry key="commit_parent" value="r[false]  The commit SHA of the parent for which you are uploading coverage. If not present, the parent will be determined using the API of your repository provider.  When using the repository providers API, the parent is determined via finding the closest ancestor to the commit." />
                  <entry key="directory" value="r[false]  Directory to search for coverage reports." />
                  <entry key="dry_run" value="r[false]  Don't upload files to Codecov" />
                  <entry key="env_vars" value="r[false]  Environment variables to tag the upload with (e.g. PYTHON | OS,PYTHON)" />
                  <entry key="fail_ci_if_error" value="r[false]  Specify whether or not CI build should fail if Codecov runs into an error during upload" />
                  <entry key="file" value="r[false]  Path to coverage file to upload" />
                  <entry key="files" value="r[false]  Comma-separated list of files to upload" />
                  <entry key="flags" value="r[false]  Flag upload to group coverage metrics (e.g. unittests | integration | ui,chrome)" />
                  <entry key="full_report" value="r[false]  Specify the path of a full Codecov report to re-upload" />
                  <entry key="functionalities" value="r[false]  Comma-separated list, see the README for options and their usage. Options include `network`, `fixes`, `search`." />
                  <entry key="gcov" value="r[false]  Run with gcov support" />
                  <entry key="gcov_args" value="r[false]  Extra arguments to pass to gcov" />
                  <entry key="gcov_executable" value="r[false]  gcov executable to run. Defaults to gcov" />
                  <entry key="gcov_ignore" value="r[false]  Paths to ignore during gcov gathering" />
                  <entry key="gcov_include" value="r[false]  Paths to include during gcov gathering" />
                  <entry key="move_coverage_to_trash" value="r[false]  Move discovered coverage reports to the trash" />
                  <entry key="name" value="r[false]  User defined upload name. Visible in Codecov UI" />
                  <entry key="network_filter" value="r[false]  Specify a filter on the files listed in the network section of the Codecov report. Useful for upload-specific path fixing" />
                  <entry key="network_prefix" value="r[false]  Specify a prefix on files listed in the network section of the Codecov report. Useful to help resolve path fixing" />
                  <entry key="os" value="r[false]  Override the assumed OS. Options are aarch64 | alpine | linux | macos | windows." />
                  <entry key="override_branch" value="r[false]  Specify the branch name" />
                  <entry key="override_build" value="r[false]  Specify the build number" />
                  <entry key="override_commit" value="r[false]  Specify the commit SHA" />
                  <entry key="override_pr" value="r[false]  Specify the pull request number" />
                  <entry key="override_tag" value="r[false]  Specify the git tag" />
                  <entry key="root_dir" value="r[false]  Used when not in git/hg project to identify project root directory" />
                  <entry key="slug" value="r[false]  Specify the slug manually (Enterprise use)" />
                  <entry key="swift" value="r[false]  Run with swift coverage support" />
                  <entry key="swift_project" value="r[false]  Specify the swift project to speed up coverage conversion" />
                  <entry key="token" value="r[false]  Repository upload token - get it from codecov.io. Required only for private repositories" />
                  <entry key="upstream_proxy" value="r[false]  The upstream http proxy server to connect through" />
                  <entry key="url" value="r[false]  Change the upload host (Enterprise use)" />
                  <entry key="verbose" value="r[false]  Specify whether the Codecov output should be verbose" />
                  <entry key="version" value="r[false]  Specify which version of the Codecov Uploader should be used. Defaults to `latest`" />
                  <entry key="working-directory" value="r[false]  Directory in which to execute codecov.sh" />
                  <entry key="xcode" value="r[false]  Run with xcode support" />
                  <entry key="xcode_archive_path" value="r[false]  Specify the xcode archive path. Likely specified as the -resultBundlePath and should end in .xcresult" />
                  <entry key="xtra_args" value="r[false]  Add additional uploader args that may be missing in the Action" />
                </map>
              </option>
              <option name="metaData">
                <map>
                  <entry key="downloadUrl" value="https://raw.githubusercontent.com/codecov/codecov-action/v3/action.yml" />
                  <entry key="expiryTime" value="1703240922698" />
                  <entry key="githubUrl" value="https://github.com/codecov/codecov-action/tree/v3#readme" />
                  <entry key="isAction" value="true" />
                  <entry key="isLocal" value="false" />
                  <entry key="isResolved" value="true" />
                  <entry key="isSuppressed" value="false" />
                  <entry key="name" value="codecov/codecov-action" />
                  <entry key="usesValue" value="codecov/codecov-action@v3" />
                </map>
              </option>
            </GitHubAction>
          </value>
        </entry>
        <entry key="gradle/gradle-build-action@v2">
          <value>
            <GitHubAction>
              <option name="action" value="true" />
              <option name="inputs">
                <map>
                  <entry key="arguments" value="r[false]  Gradle command line arguments (supports multi-line input)" />
                  <entry key="artifact-retention-days" value="r[false]  Specifies the number of days to retain any artifacts generated by the action. If not set, the default retention settings for the repository will apply." />
                  <entry key="build-root-directory" value="r[false]  Path to the root directory of the build. Default is the root of the GitHub workspace." />
                  <entry key="cache-disabled" value="r[false] def[false] When 'true', all caching is disabled. No entries will be written to or read from the cache." />
                  <entry key="cache-overwrite-existing" value="r[false] def[false] When 'true', a pre-existing Gradle User Home will not prevent the cache from being restored." />
                  <entry key="cache-read-only" value="r[false] def[${{ github.event.repository != null &amp;&amp; github.ref_name != github.event.repository.default_branch }}]" />
                  <entry key="cache-write-only" value="r[false] def[false]" />
                  <entry key="dependency-graph" value="r[false] def[disabled] Specifies if a GitHub dependency snapshot should be generated for each Gradle build, and if so, how. Valid values are 'disabled' (default), 'generate', 'generate-and-submit' and 'download-and-submit'." />
                  <entry key="generate-job-summary" value="r[false] def[true] When 'false', no Job Summary will be generated for the Job." />
                  <entry key="github-token" value="r[false] def[${{ github.token }}] The GitHub token used to authenticate when submitting via the Dependency Submission API." />
                  <entry key="gradle-executable" value="r[false]  Path to the Gradle executable. If specified, this executable will be added to the PATH and used for invoking Gradle." />
                  <entry key="gradle-home-cache-cleanup" value="r[false] def[false] When 'true', the action will attempt to remove any stale/unused entries from the Gradle User Home prior to saving to the GitHub Actions cache." />
                  <entry key="gradle-home-cache-excludes" value="r[false]  Paths within Gradle User Home to exclude from cache." />
                  <entry key="gradle-home-cache-includes" value="r[false]  Paths within Gradle User Home to cache." />
                  <entry key="gradle-home-cache-strict-match" value="r[false] def[false] When 'true', the action will not attempt to restore the Gradle User Home entries from other Jobs." />
                  <entry key="gradle-version" value="r[false]  Gradle version to use. If specified, this Gradle version will be downloaded, added to the PATH and used for invoking Gradle." />
                  <entry key="workflow-job-context" value="r[false] def[${{ toJSON(matrix) }}] Used to uniquely identify the current job invocation. Defaults to the matrix values for this job; this should not be overridden by users (INTERNAL)." />
                </map>
              </option>
              <option name="metaData">
                <map>
                  <entry key="downloadUrl" value="https://raw.githubusercontent.com/gradle/gradle-build-action/v2/action.yml" />
                  <entry key="expiryTime" value="1703240922697" />
                  <entry key="githubUrl" value="https://github.com/gradle/gradle-build-action/tree/v2#readme" />
                  <entry key="isAction" value="true" />
                  <entry key="isLocal" value="false" />
                  <entry key="isResolved" value="true" />
                  <entry key="isSuppressed" value="false" />
                  <entry key="name" value="gradle/gradle-build-action" />
                  <entry key="usesValue" value="gradle/gradle-build-action@v2" />
                </map>
              </option>
              <option name="outputs">
                <map>
                  <entry key="build-scan-url" value=" Link to the Build Scan® generated by a Gradle build. Note that this output applies to a Step executing Gradle, not to the `gradle-build-action` Step itself." />
                  <entry key="dependency-graph-file" value=" Path to the GitHub Dependency Graph snapshot file generated by a Gradle build. Note that this output applies to a Step executing Gradle, not to the `gradle-build-action` Step itself." />
                  <entry key="gradle-version" value=" Version of Gradle that was setup by the action" />
                </map>
              </option>
            </GitHubAction>
          </value>
        </entry>
        <entry key="gradle/wrapper-validation-action@v1.1.0">
          <value>
            <GitHubAction>
              <option name="action" value="true" />
              <option name="inputs">
                <map>
                  <entry key="allow-checksums" value="r[false]  Accept arbitrary user-defined checksums as valid. Comma separated list of SHA256 checksums (lowercase hex)." />
                  <entry key="allow-snapshots" value="r[false] def[false] Allow Gradle snapshot versions during checksum verification. Boolean, true or false." />
                  <entry key="min-wrapper-count" value="r[false] def[1] Minimum number expected gradle-wrapper.jar files found in the repository. Non-negative number. Higher number is useful in monorepos where each project might have their own wrapper." />
                </map>
              </option>
              <option name="metaData">
                <map>
                  <entry key="downloadUrl" value="https://raw.githubusercontent.com/gradle/wrapper-validation-action/v1.1.0/action.yml" />
                  <entry key="expiryTime" value="1703240922697" />
                  <entry key="githubUrl" value="https://github.com/gradle/wrapper-validation-action/tree/v1.1.0#readme" />
                  <entry key="isAction" value="true" />
                  <entry key="isLocal" value="false" />
                  <entry key="isResolved" value="true" />
                  <entry key="isSuppressed" value="false" />
                  <entry key="name" value="gradle/wrapper-validation-action" />
                  <entry key="usesValue" value="gradle/wrapper-validation-action@v1.1.0" />
                </map>
              </option>
              <option name="outputs">
                <map>
                  <entry key="failed-wrapper" value=" The path of the Gradle Wrapper(s) JAR that failed validation." />
                </map>
              </option>
            </GitHubAction>
          </value>
        </entry>
        <entry key="jlumbroso/free-disk-space@main">
          <value>
            <GitHubAction>
              <option name="action" value="true" />
              <option name="inputs">
                <map>
                  <entry key="android" value="r[false] def[true] Remove Android runtime" />
                  <entry key="docker-images" value="r[false] def[true] Remove Docker images" />
                  <entry key="dotnet" value="r[false] def[true] Remove .NET runtime" />
                  <entry key="haskell" value="r[false] def[true] Remove Haskell runtime" />
                  <entry key="large-packages" value="r[false] def[true] Remove large packages" />
                  <entry key="swap-storage" value="r[false] def[true] Remove swap storage" />
                  <entry key="tool-cache" value="r[false] def[false] Remove image tool cache" />
                </map>
              </option>
              <option name="metaData">
                <map>
                  <entry key="downloadUrl" value="https://raw.githubusercontent.com/jlumbroso/free-disk-space/main/action.yml" />
                  <entry key="expiryTime" value="1703240922698" />
                  <entry key="githubUrl" value="https://github.com/jlumbroso/free-disk-space/tree/main#readme" />
                  <entry key="isAction" value="true" />
                  <entry key="isLocal" value="false" />
                  <entry key="isResolved" value="true" />
                  <entry key="isSuppressed" value="false" />
                  <entry key="name" value="jlumbroso/free-disk-space" />
                  <entry key="usesValue" value="jlumbroso/free-disk-space@main" />
                </map>
              </option>
            </GitHubAction>
          </value>
        </entry>
        <entry key="jtalk/url-health-check-action@v3">
          <value>
            <GitHubAction>
              <option name="action" value="true" />
              <option name="inputs">
                <map>
                  <entry key="basic-auth" value="r[false] " />
                  <entry key="cookie" value="r[false] " />
                  <entry key="follow-redirect" value="r[false] def[false] Follow redirected location in case request resulted in 3XX status code" />
                  <entry key="max-attempts" value="r[false] def[1] Number of unsuccessful attempts to call URL before giving up" />
                  <entry key="retry-all" value="r[false] def[false]" />
                  <entry key="retry-delay" value="r[false] def[3s] Time between attempts (e.g. 3s, 1m)" />
                  <entry key="url" value="r[true]  Target URL(s), split by |" />
                </map>
              </option>
              <option name="metaData">
                <map>
                  <entry key="downloadUrl" value="https://raw.githubusercontent.com/jtalk/url-health-check-action/v3/action.yml" />
                  <entry key="expiryTime" value="1703241006223" />
                  <entry key="githubUrl" value="https://github.com/jtalk/url-health-check-action/tree/v3#readme" />
                  <entry key="isAction" value="true" />
                  <entry key="isLocal" value="false" />
                  <entry key="isResolved" value="true" />
                  <entry key="isSuppressed" value="false" />
                  <entry key="name" value="jtalk/url-health-check-action" />
                  <entry key="usesValue" value="jtalk/url-health-check-action@v3" />
                </map>
              </option>
            </GitHubAction>
          </value>
        </entry>
      </map>
    </option>
  </component>
</application>