<application>
  <component name="LafManager" autodetect="false">
    <laf class-name="com.intellij.ide.ui.laf.darcula.DarculaLaf" themeId="f92a0fa7-1a98-47cd-b5cb-78ff67e6f4f3" />
    <lafs-to-previous-schemes>
      <laf-to-scheme laf="Arc Dark (Material)" scheme="_@user_Arc Dark (Material)" />
      <laf-to-scheme laf="Atom One Dark (Material)" scheme="_@user_Atom One Dark (Material)" />
      <laf-to-scheme laf="Atom One Light (Material)" scheme="_@user_Atom One Light (Material)" />
      <laf-to-scheme laf="Dark" scheme="_@user_Nord" />
      <laf-to-scheme laf="Dracula" scheme="_@user_Dracula" />
      <laf-to-scheme laf="Dracula (Material)" scheme="_@user_Dracula (Material)" />
      <laf-to-scheme laf="Gerry Darcula" scheme="_@user_Gerry Darcula" />
      <laf-to-scheme laf="Gerry Dark" scheme="_@user_Gerry Dark" />
      <laf-to-scheme laf="Gerry Oceanic" scheme="_@user_Gerry Oceanic" />
      <laf-to-scheme laf="Gerry Storm" scheme="_@user_Gerry Storm" />
      <laf-to-scheme laf="Gerry Violet" scheme="_@user_Gerry Violet" />
      <laf-to-scheme laf="Gerry* Light" scheme="_@user_Gerry Light" />
      <laf-to-scheme laf="GitHub (Material)" scheme="_@user_GitHub (Material)" />
      <laf-to-scheme laf="GitHub Dark (Material)" scheme="_@user_GitHub Dark (Material)" />
      <laf-to-scheme laf="High contrast" scheme="_@user_High contrast" />
      <laf-to-scheme laf="Legacy Gerry Darcula" scheme="_@user_Gerry Darcula" />
      <laf-to-scheme laf="Legacy Gerry Dark" scheme="_@user_Gerry Dark" />
      <laf-to-scheme laf="Legacy Gerry Violet" scheme="_@user_Gerry Violet" />
      <laf-to-scheme laf="Legacy Gerry* Light" scheme="_@user_Gerry Light" />
      <laf-to-scheme laf="Light Owl (Material)" scheme="_@user_Light Owl (Material)" />
      <laf-to-scheme laf="Light with Light Header" scheme="_@user_Light" />
      <laf-to-scheme laf="Material Darker" scheme="_@user_Material Darker" />
      <laf-to-scheme laf="Material Deep Ocean" scheme="_@user_Material Deep Ocean" />
      <laf-to-scheme laf="Material Forest" scheme="_@user_Material Forest" />
      <laf-to-scheme laf="Material Lighter" scheme="_@user_Material Lighter" />
      <laf-to-scheme laf="Material Oceanic" scheme="_@user_Material Oceanic" />
      <laf-to-scheme laf="Material Palenight" scheme="_@user_Material Palenight" />
      <laf-to-scheme laf="Material Sandy Beach" scheme="_@user_Material Sandy Beach" />
      <laf-to-scheme laf="Material Sky Blue" scheme="_@user_Material Sky Blue" />
      <laf-to-scheme laf="Material Space" scheme="_@user_Material Space" />
      <laf-to-scheme laf="Material Volcano" scheme="_@user_Material Volcano" />
      <laf-to-scheme laf="Monokai Pro (Material)" scheme="_@user_Monokai Pro (Material)" />
      <laf-to-scheme laf="Moonlight (Material)" scheme="_@user_Moonlight (Material)" />
      <laf-to-scheme laf="Night Owl (Material)" scheme="_@user_Night Owl (Material)" />
      <laf-to-scheme laf="One Dark Italic" scheme="_@user_One Dark" />
      <laf-to-scheme laf="Solarized Dark (Material)" scheme="_@user_Solarized Dark (Material)" />
      <laf-to-scheme laf="SynthWave '84 (Material)" scheme="_@user_SynthWave '84 (Material)" />
    </lafs-to-previous-schemes>
  </component>
</application>