<application>
  <component name="LogHighlightingSettings">
    <highlightingPatterns>
      <LogHighlightingPattern pattern="^\s*(e(rror)?|severe)\s*$" action="HIGHLIGHT_LINE" fg="-39836" bold="true" stripe="true" uuid="de2d3bb2-78c9-4beb-835e-d483c35c07b6" />
      <LogHighlightingPattern pattern="^\s*w(arn(ing)?)?\s*$" action="HIGHLIGHT_LINE" fg="-6329600" bold="true" uuid="11ff1574-2118-4722-905a-61bec89b079e" />
      <LogHighlightingPattern pattern="^\s*i(nfo)?\s*$" action="HIGHLIGHT_LINE" fg="-10316203" uuid="5e882ebc-2179-488b-8e1a-2fe488636f36" />
      <LogHighlightingPattern pattern="^\s*d(ebug)?\s*$" action="HIGHLIGHT_LINE" fg="-8553091" stripe="true" uuid="8bd6d434-e763-41c4-ae03-8584dbe74769" />
    </highlightingPatterns>
    <parsingPatterns>
      <LogParsingPattern name="Pipe-separated" pattern="^(?s)([^|]*)\|([^|]*)\|([^|]*)\|(.*)$" timePattern="HH:mm:ss.SSS" linePattern="^\d" timeId="0" severityId="1" categoryId="2" uuid="b5772998-bf1e-4d9d-ab41-da0b86451163" />
      <LogParsingPattern name="IntelliJ IDEA" pattern="^([^\[]+)(\[[\s\d]+])\s*(\w*)\s*-\s*(\S*)\s*-(.+)$" timePattern="yyyy-MM-dd HH:mm:ss,SSS" linePattern="^\d" timeId="0" severityId="2" categoryId="3" uuid="8a0e8992-94cb-4f4c-8be2-42b03609626b" />
      <LogParsingPattern name="TeamCity build log" pattern="^\[([^]]+)](.):\s*(\[[^]]+])?(.*)$" timePattern="HH:mm:ss" linePattern="^\[" timeId="0" severityId="1" categoryId="2" uuid="e9fa2755-8390-42f5-a41e-a909c58c8cf9" />
      <LogParsingPattern name="my log" pattern="^(\d{4}-\d{2}-\d{2} \d{2}:\d{2}:\d{2}\.\d{3})\s*([A-Z]*)\s*(\[.*\])(.*)\s-\s*(.*)$" timePattern="yyyy-MM-dd HH:mm:ss,SSS" linePattern="^\d" severityId="0" categoryId="1" uuid="c57e8d07-6323-4185-b27f-8922feb88efd" />
    </parsingPatterns>
  </component>
</application>