<application>
  <component name="ProjectManager">
    <defaultProject>
      <component name="AutoImportSettings">
        <option name="autoReloadType" value="SELECTIVE" />
      </component>
      <component name="MavenImportPreferences">
        <option name="generalSettings">
          <MavenGeneralSettings>
            <option name="alwaysUpdateSnapshots" value="true" />
            <option name="mavenHome" value="/opt/maven" />
            <option name="useMavenConfig" value="false" />
          </MavenGeneralSettings>
        </option>
      </component>
      <component name="ProjectDictionaryState">
        <dictionary name="hua" />
      </component>
      <component name="ProjectInspectionProfilesVisibleTreeState">
        <entry key="Project Default">
          <profile-state>
            <expanded-state>
              <State />
            </expanded-state>
            <selected-state>
              <State>
                <id>Android</id>
              </State>
            </selected-state>
          </profile-state>
        </entry>
      </component>
      <component name="PropertiesComponent"><![CDATA[{
  "keyToString": {
    "settings.editor.selected.configurable": "preferences.pluginManager"
  }
}]]></component>
      <component name="WindowStateProjectService">
        <state x="996" y="255" width="424" height="490" key="FileChooserDialogImpl" timestamp="1690543662151">
          <screen x="0" y="31" width="1920" height="1049" />
        </state>
        <state x="996" y="255" width="424" height="490" key="FileChooserDialogImpl/0.31.1920.1049/1920.0.1920.1080" timestamp="1690543662151" />
        <state x="573" y="111" width="992" height="736" key="SettingsEditor" timestamp="1697789490016">
          <screen x="0" y="32" width="1920" height="1048" />
        </state>
        <state x="573" y="110" width="992" height="736" key="SettingsEditor/0.31.1920.1049/1920.0.1920.1080" timestamp="1691589887006" />
        <state x="573" y="111" width="992" height="736" key="SettingsEditor/0.32.1920.1048/1920.0.1920.1080" timestamp="1697789490016" />
      </component>
      <component name="masterDetails">
        <states>
          <state key="ScopeChooserConfigurable.UI">
            <settings>
              <splitter-proportions>
                <option name="proportions">
                  <list>
                    <option value="0.2" />
                  </list>
                </option>
              </splitter-proportions>
            </settings>
          </state>
        </states>
      </component>
    </defaultProject>
  </component>
</application>