<application>
  <component name="Translation.Cache">
    <option name="lastTrimTime" value="1701272071521" />
  </component>
  <component name="Translation.Settings">
    <option name="primaryLanguage" value="CHINESE" />
    <option name="translator" value="GOOGLE" />
  </component>
  <component name="Translation.States">
    <option name="newTranslationDialogHeight" value="260" />
    <option name="newTranslationDialogWidth" value="520" />
    <option name="newTranslationDialogX" value="813" />
    <option name="newTranslationDialogY" value="486" />
    <histories>
      <item value="只保留一个" />
      <item value="只保留" />
      <item value="manually" />
      <item value="get Content Root For File" />
      <item value="Common Test" />
      <item value="通常" />
      <item value="Comment Test" />
      <item value="handle by each event type." />
      <item value="Belong to jEnv JDK has its name and it is not be edited." />
      <item value="- fix the problem that JDK with the same name was added too much in the rename dialog" />
      <item value="- fix add same name JDK too much in rename dialog problem" />
      <item value="- rename dialog skip validation of the jenv JDK" />
      <item value="- rename dialog validate skip jenv JDK" />
      <item value="- rename dialog validator skip jenv JDK" />
      <item value="- remove all checkBox in rename dialog because this dialog only shows when click the action of add all jenv, it means all jenv jdk must add." />
      <item value="judgement jEnv jdk exists in IDEA" />
      <item value="existing" />
      <item value="一些提示信息" />
      <item value="一些提示" />
      <item value="一些" />
      <item value="yi" />
      <item value="tips" />
      <item value="tip" />
      <item value="token property must be specified for plugin publishing" />
      <item value="use to a Plain Text component, not applicable to this JBTextField." />
      <item value="use to a Plain Text component, not applicable to this JBTextField component." />
      <item value="String subTitle = &quot;Following this IDEA JDKs need to rename, you can choose what JDK be renamed, Belong to jEnv JDK has its name, and it is not being edited.&quot;;" />
      <item value="String subTitle = &quot;Following this IDEA JDK need to rename, you can choose what JDK be renamed, Belong to jEnv JDK has its name, and it is not being edited.&quot;;" />
      <item value="这是 Intellij IDEA 的 jEnv 插件" />
      <item value="This is jEnv plugin for Intellij IDEAs" />
      <item value="这是我边学边开发的项目" />
      <item value="这是我边学边开发的" />
      <item value="这是我边学边开发" />
      <item value="这是我边学边" />
      <item value="这是我边学" />
      <item value="这是我" />
      <item value="这是" />
      <item value="This is jEnv plugin for Intellij IDEA" />
      <item value="if other tasks are modifying this jEnv version file, this isNeedToChangeFile method return true." />
      <item value="if other task is modifying this jEnv version file, this isNeedToChangeFile method return true." />
      <item value="if other progress is modifying this jEnv version file, this isNeedToChangeFile method return true." />
      <item value="这是我第一个Intellij插件项目，我目前还在学习Intellij插件开发" />
      <item value="这是我第一个Intellij插件项目，我目前还在学习Intellij插件" />
      <item value="这是我第一个Intellij插件项目，我目前还在学习Intellij" />
      <item value="这是我第一个Intellij插件项目，我目前还在学习" />
      <item value="这是我第一个Intellij插件项目，我目前还在" />
      <item value="这是我第一个Intellij插件项目，我目前" />
      <item value="这是我第一个Intellij插件项目，我" />
      <item value="这是我第一个Intellij插件项目，" />
      <item value="这是我第一个Intellij插件项目，而且还是在一边学习一边进行开发" />
    </histories>
    <option name="languageScores">
      <map>
        <entry key="CHINESE" value="241" />
        <entry key="CROATIAN" value="1" />
        <entry key="DUTCH" value="1" />
        <entry key="ENGLISH" value="242" />
        <entry key="JAPANESE" value="1" />
        <entry key="MALAY" value="1" />
      </map>
    </option>
  </component>
</application>