<application>
  <component name="Translation.Cache">
    <option name="lastTrimTime" value="1712294224962" />
  </component>
  <component name="Translation.GoogleSettings">
    <option name="CUSTOM_SERVER" value="true" />
    <option name="SERVER_URL" value="https://translate.google.com/" />
  </component>
  <component name="Translation.Settings">
    <option name="primaryLanguage" value="CHINESE" />
    <option name="translator" value="GOOGLE" />
  </component>
  <component name="Translation.States">
    <option name="pinTranslationDialog" value="true" />
    <histories>
      <item value="CERTIFICATE CHAIN" />
      <item value="chapter divide and conquer" />
      <item value="pivot" />
      <item value="Binary Search" />
      <item value="Paste Clipboard To Visual" />
      <item value="Paste Clipboard To Virtual" />
      <item value="get Exists Type" />
      <item value="presentation" />
      <item value="set Description" />
      <item value="Priority Queue" />
      <item value="Comparator" />
      <item value="Toggle Explorer" />
      <item value="Unsplit" />
      <item value="Close All Editors" />
      <item value="Pair" />
      <item value="insert Sort" />
      <item value="Information" />
      <item value="Jenv State" />
      <item value="create Jenv Version File" />
      <item value="psi File" />
      <item value="fix: incorrect state of ok action button; missing associated JDK" />
      <item value="fix: incorrect state of ok action button, missing associated JDK" />
      <item value="- incorrect state of ok action button in the rename dialog" />
      <item value="当使用jenv命令切换JDK时是不正确的JDK" />
      <item value="当使用jenv命令切换JDK时是的JDK" />
      <item value="当使用jenv命令切换JDK时是错误的JDK" />
      <item value="当使用jenv命令切换JDK时是错误的" />
      <item value="当使用jenv命令切换JDK时是" />
      <item value="当使用jenv命令切换JDK时" />
      <item value="错误的JDK当使用jenv命令切换JDK时" />
      <item value="错误的JDK当使用jenv命令切换JDK" />
      <item value="错误的JDK当使用jenv命令切换" />
      <item value="错误的JDK当使用jenv命令" />
      <item value="错误的JDK当使用jenv" />
      <item value="错误的JDK当使用" />
      <item value="错误的JDK当" />
      <item value="错误的JDK" />
      <item value="错误的" />
      <item value="- wrong available state of ok action button in the rename dialog" />
      <item value="- wrong available state of ok button in the rename dialog" />
      <item value="- wrong available state of ok action in the rename dialog" />
      <item value="fix: the ok action state, missing associated JDK" />
      <item value="fix: ok action state, missing associated JDK" />
      <item value="- click the jEnv JDK which only name not match, rename dialog missing associated JDK to rename" />
      <item value="- click the jEnv JDK which only name not match, rename dialog missing associated JDK" />
      <item value="- click the jEnv JDK which only name not match, the rename dialog missing associated JDK" />
      <item value="associated" />
      <item value="- click the jEnv JDK which only name not match, Missing associated JDK" />
      <item value="缺少关联的JDK" />
      <item value="缺少关联的" />
    </histories>
    <option name="languageScores">
      <map>
        <entry key="CHINESE" value="363" />
        <entry key="CROATIAN" value="1" />
        <entry key="CZECH" value="1" />
        <entry key="DANISH" value="1" />
        <entry key="DUTCH" value="1" />
        <entry key="ENGLISH" value="364" />
        <entry key="JAPANESE" value="1" />
        <entry key="MALAY" value="1" />
      </map>
    </option>
  </component>
</application>